{"cameraMode":{"drawMode":0,"name":"Shaded","section":"Shading Mode"},"sceneLighting":false,"audioPlay":false,"sceneViewState":{"m_AlwaysRefresh":false,"showFog":true,"showSkybox":false,"showFlares":true,"showImageEffects":true,"showParticleSystems":true,"showVisualEffectGraphs":true,"m_FxEnabled":true},"in2DMode":false,"pivot":{"x":-0.9500000476837158,"y":1.6399998664855958,"z":-0.03498004376888275},"rotation":{"x":-0.08271128684282303,"y":0.009563708677887917,"z":-0.0007937501068226993,"w":-0.9965290427207947},"size":2.5242605209350588,"orthographic":false}