{"cameraMode":{"drawMode":0,"name":"Shaded","section":"Shading Mode"},"sceneLighting":true,"audioPlay":false,"sceneViewState":{"m_AlwaysRefresh":false,"showFog":true,"showSkybox":true,"showFlares":true,"showImageEffects":true,"showParticleSystems":true,"showVisualEffectGraphs":true,"m_FxEnabled":true},"in2DMode":false,"pivot":{"x":16.61099624633789,"y":4.286050796508789,"z":-9.945713996887207},"rotation":{"x":0.05433908477425575,"y":-0.061053551733493808,"z":0.003741621971130371,"w":0.9966810345649719},"size":0.8660253882408142,"orthographic":false}