{"cameraMode":{"drawMode":0,"name":"Shaded","section":"Shading Mode"},"sceneLighting":true,"audioPlay":false,"sceneViewState":{"m_AlwaysRefresh":false,"showFog":true,"showSkybox":true,"showFlares":true,"showImageEffects":true,"showParticleSystems":true,"showVisualEffectGraphs":true,"m_FxEnabled":true},"in2DMode":false,"pivot":{"x":-0.6752152442932129,"y":7.093233585357666,"z":-14.888816833496094},"rotation":{"x":0.003684607334434986,"y":0.3256986439228058,"z":-0.0004273326776456088,"w":0.9454962611198425},"size":6.124616622924805,"orthographic":false}