{"cameraMode":{"drawMode":0,"name":"Shaded","section":"Shading Mode"},"sceneLighting":true,"audioPlay":false,"sceneViewState":{"m_AlwaysRefresh":false,"showFog":true,"showSkybox":true,"showFlares":true,"showImageEffects":true,"showParticleSystems":true,"showVisualEffectGraphs":true,"m_FxEnabled":true},"in2DMode":false,"pivot":{"x":23.942386627197267,"y":9.26679515838623,"z":-11.437752723693848},"rotation":{"x":-0.16144485771656037,"y":-0.17273397743701936,"z":0.028780797496438028,"w":-0.9713039994239807},"size":0.7071067690849304,"orthographic":false}