{"cameraMode":{"drawMode":0,"name":"Shaded","section":"Shading Mode"},"sceneLighting":true,"audioPlay":false,"sceneViewState":{"m_AlwaysRefresh":false,"showFog":true,"showSkybox":true,"showFlares":true,"showImageEffects":true,"showParticleSystems":true,"showVisualEffectGraphs":true,"m_FxEnabled":true},"in2DMode":false,"pivot":{"x":20.09000015258789,"y":14.716737747192383,"z":-22.247644424438478},"rotation":{"x":0.20775926113128663,"y":0.0669611394405365,"z":-0.013425067067146302,"w":0.9758024215698242},"size":0.8660253882408142,"orthographic":false}