{"cameraMode":{"drawMode":0,"name":"Shaded","section":"Shading Mode"},"sceneLighting":true,"audioPlay":false,"sceneViewState":{"m_AlwaysRefresh":false,"showFog":true,"showSkybox":true,"showFlares":true,"showImageEffects":true,"showParticleSystems":true,"showVisualEffectGraphs":true,"m_FxEnabled":true},"in2DMode":false,"pivot":{"x":4.878929615020752,"y":13.228358268737793,"z":-12.083503723144532},"rotation":{"x":0.22740425169467927,"y":-0.02802918292582035,"z":0.006572824437171221,"w":0.9734167456626892},"size":1.9706710577011109,"orthographic":false}